date,3month,2year,5year,7year,10year,30year
2024-12-01,4.39,4.23,4.25,4.32,4.39,4.58
2024-11-01,4.62,4.26,4.23,4.29,4.36,4.54
2024-10-01,4.72,3.97,3.91,3.99,4.1,4.38
2024-09-01,4.92,3.62,3.5,3.6,3.72,4.04
2024-08-01,5.3,3.97,3.71,3.77,3.87,4.15
2024-07-01,5.43,4.5,4.16,4.19,4.25,4.46
2024-06-01,5.51,4.74,4.32,4.3,4.31,4.44
2024-05-01,5.46,4.86,4.5,4.49,4.48,4.62
2024-04-01,5.44,4.87,4.56,4.56,4.54,4.66
2024-03-01,5.47,4.59,4.2,4.21,4.21,4.36
2024-02-01,5.44,4.54,4.19,4.21,4.21,4.38
2024-01-01,5.45,4.32,3.98,4.03,4.06,4.26
2023-12-01,5.44,4.46,4.0,4.04,4.02,4.14
2023-11-01,5.52,4.88,4.49,4.53,4.5,4.66
2023-10-01,5.6,5.07,4.77,4.82,4.8,4.95
2023-09-01,5.56,5.02,4.49,4.46,4.38,4.47
2023-08-01,5.56,4.9,4.31,4.26,4.17,4.28
2023-07-01,5.49,4.83,4.14,4.03,3.9,3.96
2023-06-01,5.42,4.64,3.95,3.85,3.75,3.87
2023-05-01,5.31,4.13,3.59,3.58,3.57,3.86
2023-04-01,5.07,4.02,3.54,3.5,3.46,3.68
2023-03-01,4.86,4.3,3.82,3.77,3.66,3.77
2023-02-01,4.79,4.53,3.94,3.86,3.75,3.8
2023-01-01,4.69,4.21,3.64,3.59,3.53,3.66
2022-12-01,4.36,4.29,3.76,3.72,3.62,3.66
2022-11-01,4.32,4.5,4.06,3.99,3.89,4.0
2022-10-01,3.87,4.38,4.18,4.09,3.98,4.04
2022-09-01,3.22,3.86,3.7,3.64,3.52,3.56
2022-08-01,2.72,3.25,3.03,2.98,2.9,3.13
2022-07-01,2.3,3.04,2.96,2.97,2.9,3.1
2022-06-01,1.54,3.0,3.19,3.21,3.14,3.25
2022-05-01,0.99,2.62,2.87,2.92,2.9,3.07
2022-04-01,0.76,2.54,2.78,2.8,2.75,2.81
2022-03-01,0.45,1.91,2.11,2.15,2.13,2.41
2022-02-01,0.31,1.44,1.81,1.91,1.93,2.25
2022-01-01,0.15,0.98,1.54,1.7,1.76,2.1
2021-12-01,0.06,0.68,1.23,1.4,1.47,1.85
2021-11-01,0.05,0.51,1.2,1.45,1.56,1.94
2021-10-01,0.05,0.39,1.11,1.4,1.58,2.06
2021-09-01,0.04,0.24,0.86,1.16,1.37,1.94
2021-08-01,0.05,0.22,0.77,1.06,1.28,1.92
2021-07-01,0.05,0.22,0.76,1.07,1.32,1.94
2021-06-01,0.04,0.2,0.84,1.23,1.52,2.16
2021-05-01,0.02,0.16,0.82,1.28,1.62,2.32
2021-04-01,0.02,0.16,0.86,1.31,1.64,2.3
2021-03-01,0.03,0.15,0.82,1.27,1.61,2.34
2021-02-01,0.04,0.12,0.54,0.91,1.26,2.04
2021-01-01,0.08,0.13,0.45,0.77,1.08,1.82
2020-12-01,0.09,0.14,0.39,0.66,0.93,1.67
2020-11-01,0.09,0.17,0.39,0.63,0.87,1.62
2020-10-01,0.1,0.15,0.34,0.55,0.79,1.57
2020-09-01,0.11,0.13,0.27,0.46,0.68,1.42
2020-08-01,0.1,0.14,0.27,0.46,0.65,1.36
2020-07-01,0.13,0.15,0.28,0.46,0.62,1.31
2020-06-01,0.16,0.19,0.34,0.55,0.73,1.49
2020-05-01,0.13,0.17,0.34,0.53,0.67,1.38
2020-04-01,0.14,0.22,0.39,0.55,0.66,1.27
2020-03-01,0.3,0.45,0.59,0.78,0.87,1.46
2020-02-01,1.54,1.33,1.32,1.42,1.5,1.97
2020-01-01,1.55,1.52,1.56,1.67,1.76,2.22
2019-12-01,1.57,1.61,1.68,1.79,1.86,2.3
2019-11-01,1.57,1.61,1.64,1.74,1.81,2.28
2019-10-01,1.68,1.55,1.53,1.62,1.71,2.19
2019-09-01,1.93,1.65,1.57,1.64,1.7,2.16
2019-08-01,1.99,1.57,1.49,1.55,1.63,2.12
2019-07-01,2.15,1.84,1.83,1.93,2.06,2.57
2019-06-01,2.22,1.81,1.83,1.95,2.07,2.57
2019-05-01,2.4,2.21,2.19,2.29,2.4,2.82
2019-04-01,2.43,2.34,2.33,2.43,2.53,2.94
2019-03-01,2.45,2.41,2.37,2.47,2.57,2.98
2019-02-01,2.44,2.5,2.49,2.57,2.68,3.02
2019-01-01,2.42,2.54,2.54,2.61,2.71,3.04
2018-12-01,2.41,2.68,2.68,2.75,2.83,3.1
2018-11-01,2.37,2.86,2.95,3.04,3.12,3.36
2018-10-01,2.29,2.86,3.0,3.09,3.15,3.34
2018-09-01,2.17,2.77,2.89,2.96,3.0,3.15
2018-08-01,2.07,2.64,2.77,2.84,2.89,3.04
2018-07-01,1.99,2.61,2.78,2.85,2.89,3.01
2018-06-01,1.94,2.53,2.78,2.87,2.91,3.05
2018-05-01,1.9,2.51,2.82,2.93,2.98,3.13
2018-04-01,1.79,2.38,2.7,2.82,2.87,3.07
2018-03-01,1.73,2.28,2.63,2.77,2.84,3.09
2018-02-01,1.59,2.18,2.6,2.78,2.86,3.13
2018-01-01,1.43,2.03,2.38,2.51,2.58,2.88
2017-12-01,1.34,1.84,2.18,2.32,2.4,2.77
2017-11-01,1.25,1.7,2.05,2.23,2.35,2.8
2017-10-01,1.09,1.55,1.98,2.2,2.36,2.88
2017-09-01,1.05,1.38,1.8,2.03,2.2,2.78
2017-08-01,1.03,1.34,1.78,2.03,2.21,2.8
2017-07-01,1.09,1.37,1.87,2.13,2.32,2.88
2017-06-01,1.0,1.34,1.77,2.01,2.19,2.8
2017-05-01,0.9,1.3,1.84,2.11,2.3,2.96
2017-04-01,0.81,1.24,1.82,2.1,2.3,2.94
2017-03-01,0.75,1.31,2.01,2.3,2.48,3.08
2017-02-01,0.53,1.2,1.9,2.22,2.42,3.03
2017-01-01,0.52,1.21,1.92,2.23,2.43,3.02
2016-12-01,0.51,1.2,1.96,2.29,2.49,3.11
2016-11-01,0.45,0.98,1.6,1.93,2.14,2.86
2016-10-01,0.33,0.84,1.27,1.56,1.76,2.5
2016-09-01,0.29,0.77,1.18,1.46,1.63,2.35
2016-08-01,0.3,0.74,1.13,1.4,1.56,2.26
2016-07-01,0.3,0.67,1.07,1.33,1.5,2.23
2016-06-01,0.27,0.73,1.17,1.44,1.64,2.45
2016-05-01,0.28,0.82,1.3,1.6,1.81,2.63
2016-04-01,0.23,0.77,1.26,1.57,1.81,2.62
2016-03-01,0.3,0.88,1.38,1.68,1.89,2.68
2016-02-01,0.31,0.73,1.22,1.53,1.78,2.62
2016-01-01,0.26,0.9,1.52,1.85,2.09,2.86
2015-12-01,0.23,0.98,1.7,2.04,2.24,2.97
2015-11-01,0.13,0.88,1.67,2.02,2.26,3.03
2015-10-01,0.02,0.64,1.39,1.76,2.07,2.89
2015-09-01,0.02,0.71,1.49,1.88,2.17,2.95
2015-08-01,0.07,0.7,1.54,1.91,2.17,2.86
2015-07-01,0.03,0.67,1.63,2.04,2.32,3.07
2015-06-01,0.02,0.69,1.68,2.1,2.36,3.11
2015-05-01,0.02,0.61,1.54,1.93,2.2,2.96
2015-04-01,0.02,0.54,1.35,1.69,1.94,2.59
2015-03-01,0.03,0.64,1.52,1.84,2.04,2.63
2015-02-01,0.02,0.62,1.47,1.79,1.98,2.57
2015-01-01,0.03,0.55,1.37,1.67,1.88,2.46
2014-12-01,0.03,0.64,1.64,1.98,2.21,2.83
2014-11-01,0.02,0.53,1.62,2.03,2.33,3.04
2014-10-01,0.02,0.45,1.55,1.98,2.3,3.04
2014-09-01,0.02,0.57,1.77,2.22,2.53,3.26
2014-08-01,0.03,0.47,1.63,2.08,2.42,3.2
2014-07-01,0.03,0.51,1.7,2.17,2.54,3.33
2014-06-01,0.04,0.45,1.68,2.19,2.6,3.42
2014-05-01,0.03,0.39,1.59,2.12,2.56,3.39
2014-04-01,0.03,0.42,1.7,2.27,2.71,3.52
2014-03-01,0.05,0.4,1.64,2.23,2.72,3.62
2014-02-01,0.05,0.33,1.52,2.15,2.71,3.66
2014-01-01,0.04,0.39,1.65,2.29,2.86,3.77
2013-12-01,0.07,0.34,1.58,2.29,2.9,3.89
2013-11-01,0.07,0.3,1.37,2.07,2.72,3.8
2013-10-01,0.05,0.34,1.37,1.99,2.62,3.68
2013-09-01,0.02,0.4,1.6,2.22,2.81,3.79
2013-08-01,0.04,0.36,1.52,2.15,2.74,3.76
2013-07-01,0.04,0.34,1.4,1.99,2.58,3.61
2013-06-01,0.05,0.33,1.2,1.71,2.3,3.4
2013-05-01,0.04,0.25,0.84,1.31,1.93,3.11
2013-04-01,0.06,0.23,0.71,1.15,1.76,2.93
2013-03-01,0.09,0.26,0.82,1.32,1.96,3.16
2013-02-01,0.1,0.27,0.85,1.35,1.98,3.17
2013-01-01,0.07,0.27,0.81,1.3,1.91,3.08
2012-12-01,0.07,0.26,0.7,1.13,1.72,2.88
2012-11-01,0.09,0.27,0.67,1.08,1.65,2.8
2012-10-01,0.1,0.28,0.71,1.15,1.75,2.9
2012-09-01,0.11,0.26,0.67,1.12,1.72,2.88
2012-08-01,0.1,0.27,0.71,1.14,1.68,2.77
2012-07-01,0.1,0.25,0.62,0.98,1.53,2.59
2012-06-01,0.09,0.29,0.71,1.08,1.62,2.7
2012-05-01,0.09,0.29,0.76,1.21,1.8,2.93
2012-04-01,0.08,0.29,0.89,1.43,2.05,3.18
2012-03-01,0.08,0.34,1.02,1.56,2.17,3.28
2012-02-01,0.09,0.28,0.83,1.37,1.97,3.11
2012-01-01,0.03,0.24,0.84,1.38,1.97,3.03
2011-12-01,0.01,0.26,0.89,1.43,1.98,2.98
2011-11-01,0.01,0.25,0.91,1.45,2.01,3.02
2011-10-01,0.02,0.28,1.06,1.62,2.15,3.13
2011-09-01,0.01,0.21,0.9,1.42,1.98,3.18
2011-08-01,0.02,0.23,1.02,1.63,2.3,3.65
2011-07-01,0.04,0.41,1.54,2.28,3.0,4.27
2011-06-01,0.04,0.41,1.58,2.29,3.0,4.23
2011-05-01,0.04,0.56,1.84,2.51,3.17,4.29
2011-04-01,0.06,0.73,2.17,2.84,3.46,4.5
2011-03-01,0.1,0.7,2.11,2.8,3.41,4.51
2011-02-01,0.13,0.77,2.26,2.96,3.58,4.65
2011-01-01,0.15,0.61,1.99,2.72,3.39,4.52
2010-12-01,0.14,0.62,1.93,2.66,3.29,4.42
2010-11-01,0.14,0.45,1.35,2.02,2.76,4.19
2010-10-01,0.13,0.38,1.18,1.85,2.54,3.87
2010-09-01,0.15,0.48,1.41,2.05,2.65,3.77
2010-08-01,0.16,0.52,1.47,2.1,2.7,3.8
2010-07-01,0.16,0.62,1.76,2.43,3.01,3.99
2010-06-01,0.12,0.72,2.0,2.66,3.2,4.13
2010-05-01,0.16,0.83,2.18,2.86,3.42,4.29
2010-04-01,0.16,1.06,2.58,3.28,3.85,4.69
2010-03-01,0.15,0.96,2.43,3.16,3.73,4.64
2010-02-01,0.11,0.86,2.36,3.12,3.69,4.62
2010-01-01,0.06,0.93,2.48,3.21,3.73,4.6
2009-12-01,0.05,0.87,2.34,3.07,3.59,4.49
2009-11-01,0.05,0.8,2.23,2.92,3.4,4.31
2009-10-01,0.07,0.95,2.33,2.96,3.39,4.19
2009-09-01,0.12,0.96,2.37,3.02,3.4,4.19
2009-08-01,0.17,1.12,2.57,3.21,3.59,4.37
2009-07-01,0.18,1.02,2.46,3.14,3.56,4.41
2009-06-01,0.18,1.18,2.71,3.37,3.72,4.52
2009-05-01,0.18,0.93,2.13,2.81,3.29,4.23
2009-04-01,0.16,0.93,1.86,2.47,2.93,3.76
2009-03-01,0.22,0.93,1.82,2.42,2.82,3.64
2009-02-01,0.3,0.98,1.87,2.3,2.87,3.59
2009-01-01,0.13,0.81,1.6,1.98,2.52,3.13
2008-12-01,0.03,0.82,1.52,1.89,2.42,2.87
2008-11-01,0.19,1.21,2.29,2.82,3.53,4.0
2008-10-01,0.69,1.61,2.73,3.19,3.81,4.17
2008-09-01,1.15,2.08,2.88,3.25,3.69,4.27
2008-08-01,1.75,2.42,3.14,3.46,3.89,4.5
2008-07-01,1.66,2.57,3.3,3.6,4.01,4.57
2008-06-01,1.89,2.77,3.49,3.73,4.1,4.69
2008-05-01,1.76,2.45,3.15,3.46,3.88,4.6
2008-04-01,1.31,2.05,2.84,3.19,3.68,4.44
2008-03-01,1.28,1.62,2.48,2.93,3.51,4.39
2008-02-01,2.17,1.97,2.78,3.21,3.74,4.52
2008-01-01,2.82,2.48,2.98,3.31,3.74,4.33
2007-12-01,3.07,3.12,3.49,3.74,4.1,4.53
2007-11-01,3.35,3.34,3.67,3.87,4.15,4.52
2007-10-01,4.0,3.97,4.2,4.33,4.53,4.77
2007-09-01,3.99,4.01,4.2,4.33,4.52,4.79
2007-08-01,4.32,4.31,4.43,4.53,4.67,4.93
2007-07-01,4.96,4.82,4.88,4.93,5.0,5.11
2007-06-01,4.74,4.98,5.03,5.05,5.1,5.2
2007-05-01,4.87,4.77,4.67,4.69,4.75,4.9
2007-04-01,5.01,4.67,4.59,4.62,4.69,4.87
2007-03-01,5.08,4.57,4.48,4.5,4.56,4.72
2007-02-01,5.16,4.85,4.71,4.71,4.72,4.82
2007-01-01,5.11,4.88,4.75,4.75,4.76,4.85
2006-12-01,4.97,4.67,4.53,4.54,4.56,4.68
2006-11-01,5.07,4.74,4.58,4.58,4.6,4.69
2006-10-01,5.05,4.8,4.69,4.69,4.73,4.85
2006-09-01,4.93,4.77,4.67,4.68,4.72,4.85
2006-08-01,5.09,4.9,4.82,4.83,4.88,5.0
2006-07-01,5.08,5.12,5.04,5.05,5.09,5.13
2006-06-01,4.92,5.12,5.07,5.08,5.11,5.15
2006-05-01,4.84,4.97,5.0,5.03,5.11,5.2
2006-04-01,4.72,4.89,4.9,4.94,4.99,5.06
2006-03-01,4.63,4.73,4.72,4.71,4.72,4.73
2006-02-01,4.54,4.67,4.57,4.56,4.57,4.57
2006-01-01,4.34,4.4,4.35,4.37,4.42,4.57
2005-12-01,3.97,4.4,4.39,4.41,4.47,4.62
2005-11-01,3.97,4.42,4.45,4.48,4.54,4.7
2005-10-01,3.79,4.27,4.33,4.38,4.46,4.64
2005-09-01,3.49,3.95,4.01,4.08,4.2,4.45
2005-08-01,3.52,4.04,4.12,4.18,4.26,4.44
2005-07-01,3.29,3.87,3.98,4.06,4.18,4.38
2005-06-01,3.04,3.64,3.77,3.86,4.0,4.28
2005-05-01,2.9,3.64,3.85,3.94,4.14,4.49
2005-04-01,2.84,3.65,4.0,4.16,4.34,4.65
2005-03-01,2.8,3.73,4.17,4.33,4.5,4.77
2005-02-01,2.58,3.38,3.77,3.97,4.17,4.56
2005-01-01,2.37,3.22,3.71,3.97,4.22,4.77
2004-12-01,2.22,3.01,3.6,3.93,4.23,4.91
2004-11-01,2.11,2.85,3.53,3.88,4.19,4.95
2004-10-01,1.79,2.58,3.35,3.75,4.1,4.94
2004-09-01,1.68,2.53,3.36,3.75,4.13,4.98
2004-08-01,1.5,2.51,3.47,3.9,4.28,5.15
2004-07-01,1.36,2.64,3.69,4.11,4.5,5.31
2004-06-01,1.29,2.76,3.93,4.35,4.73,5.48
2004-05-01,1.04,2.53,3.85,4.31,4.72,5.51
2004-04-01,0.96,2.07,3.39,3.89,4.35,5.28
2004-03-01,0.95,1.58,2.79,3.31,3.83,4.9
2004-02-01,0.94,1.74,3.07,3.59,4.08,5.08
2004-01-01,0.9,1.76,3.12,3.65,4.15,5.13
2003-12-01,0.91,1.91,3.27,3.79,4.27,5.21
2003-11-01,0.95,1.93,3.29,3.81,4.3,5.25
2003-10-01,0.94,1.75,3.19,3.75,4.29,5.3
2003-09-01,0.96,1.71,3.18,3.74,4.27,5.28
2003-08-01,0.97,1.86,3.37,3.96,4.45,5.45
2003-07-01,0.92,1.47,2.87,3.45,3.98,5.13
2003-06-01,0.94,1.23,2.27,2.84,3.33,4.62
2003-05-01,1.09,1.42,2.52,3.07,3.57,4.76
2003-04-01,1.15,1.62,2.93,3.47,3.96,5.13
2003-03-01,1.15,1.57,2.78,3.34,3.81,5.03
2003-02-01,1.19,1.63,2.9,3.45,3.9,5.02
2003-01-01,1.19,1.74,3.05,3.6,4.05,5.14
2002-12-01,1.21,1.84,3.03,3.63,4.03,5.13
2002-11-01,1.25,1.92,3.05,3.64,4.05,5.18
2002-10-01,1.61,1.91,2.95,3.54,3.94,5.18
2002-09-01,1.66,2.0,2.94,3.5,3.87,4.96
2002-08-01,1.65,2.13,3.29,3.88,4.26,5.28
2002-07-01,1.71,2.56,3.81,4.3,4.65,5.59
2002-06-01,1.73,2.99,4.19,4.6,4.93,5.68
2002-05-01,1.76,3.26,4.49,4.9,5.16,5.76
2002-04-01,1.75,3.42,4.65,5.02,5.21,5.79
2002-03-01,1.83,3.56,4.74,5.14,5.28,5.81
2002-02-01,1.76,3.02,4.3,4.71,4.91,5.45
2002-01-01,1.68,3.03,4.34,4.79,5.04,5.45
2001-12-01,1.72,3.11,4.39,4.86,5.09,5.48
2001-11-01,1.91,2.78,3.97,4.42,4.65,5.12
2001-10-01,2.2,2.73,3.91,4.31,4.57,5.32
2001-09-01,2.69,3.12,4.12,4.51,4.73,5.48
2001-08-01,3.44,3.76,4.57,4.84,4.97,5.48
2001-07-01,3.59,4.04,4.76,5.06,5.24,5.61
2001-06-01,3.57,4.08,4.81,5.14,5.28,5.67
2001-05-01,3.7,4.26,4.93,5.24,5.39,5.78
2001-04-01,3.97,4.23,4.76,5.03,5.14,5.65
2001-03-01,4.54,4.34,4.64,4.88,4.89,5.34
2001-02-01,5.01,4.66,4.89,5.1,5.1,5.45
2001-01-01,5.29,4.76,4.86,5.13,5.16,5.54
2000-12-01,5.94,5.35,5.17,5.28,5.24,5.49
2000-11-01,6.36,5.88,5.7,5.78,5.72,5.78
2000-10-01,6.29,5.91,5.78,5.84,5.74,5.8
2000-09-01,6.18,6.08,5.93,5.98,5.8,5.83
2000-08-01,6.28,6.23,6.06,6.05,5.83,5.72
2000-07-01,6.14,6.34,6.18,6.22,6.05,5.85
2000-06-01,5.86,6.48,6.3,6.33,6.1,5.93
2000-05-01,5.99,6.81,6.69,6.69,6.44,6.15
2000-04-01,5.82,6.4,6.26,6.27,5.99,5.85
2000-03-01,5.86,6.53,6.5,6.51,6.26,6.05
2000-02-01,5.73,6.61,6.68,6.72,6.52,6.23
2000-01-01,5.5,6.44,6.58,6.7,6.66,6.63
1999-12-01,5.36,6.1,6.19,6.38,6.28,6.35
1999-11-01,5.23,5.86,5.97,6.17,6.03,6.15
1999-10-01,5.02,5.86,6.03,6.33,6.11,6.26
1999-09-01,4.82,5.66,5.8,6.12,5.92,6.07
1999-08-01,4.87,5.68,5.84,6.15,5.94,6.07
1999-07-01,4.69,5.55,5.68,5.94,5.79,5.98
1999-06-01,4.72,5.62,5.81,6.05,5.9,6.04
1999-05-01,4.63,5.25,5.44,5.64,5.54,5.81
1999-04-01,4.41,4.98,5.08,5.28,5.18,5.55
1999-03-01,4.57,5.05,5.14,5.36,5.23,5.58
1999-02-01,4.56,4.88,4.91,5.1,5.0,5.37
1999-01-01,4.45,4.62,4.6,4.8,4.72,5.16
1998-12-01,4.5,4.51,4.45,4.65,4.65,5.06
1998-11-01,4.53,4.54,4.54,4.78,4.83,5.25
1998-10-01,4.07,4.09,4.18,4.46,4.53,5.01
1998-09-01,4.74,4.67,4.62,4.76,4.81,5.2
1998-08-01,5.04,5.27,5.27,5.36,5.34,5.54
1998-07-01,5.09,5.46,5.46,5.52,5.46,5.68
1998-06-01,5.12,5.52,5.52,5.56,5.5,5.7
1998-05-01,5.14,5.59,5.63,5.72,5.65,5.93
1998-04-01,5.08,5.56,5.61,5.7,5.64,5.92
1998-03-01,5.16,5.56,5.61,5.71,5.65,5.95
1998-02-01,5.23,5.42,5.49,5.6,5.57,5.89
1998-01-01,5.18,5.36,5.42,5.53,5.54,5.81
1997-12-01,5.3,5.72,5.77,5.83,5.81,5.99
1997-11-01,5.28,5.71,5.8,5.9,5.88,6.11
1997-10-01,5.11,5.77,5.93,6.05,6.03,6.33
1997-09-01,5.08,5.88,6.11,6.2,6.21,6.5
1997-08-01,5.28,5.94,6.16,6.29,6.3,6.58
1997-07-01,5.19,5.89,6.12,6.2,6.22,6.51
1997-06-01,5.07,6.09,6.38,6.46,6.49,6.77
1997-05-01,5.2,6.28,6.57,6.66,6.71,6.94
1997-04-01,5.3,6.45,6.76,6.86,6.89,7.09
1997-03-01,5.28,6.22,6.54,6.65,6.69,6.93
1997-02-01,5.14,5.9,6.2,6.32,6.42,6.69
1997-01-01,5.17,6.01,6.33,6.47,6.58,6.83
1996-12-01,5.04,5.78,6.07,6.2,6.3,6.55
1996-11-01,5.17,5.7,5.97,6.1,6.2,6.48
1996-10-01,5.12,5.91,6.27,6.42,6.53,6.81
1996-09-01,5.24,6.23,6.6,6.73,6.83,7.03
1996-08-01,5.19,6.03,6.39,6.52,6.64,6.84
1996-07-01,5.3,6.27,6.64,6.76,6.87,7.03
1996-06-01,5.23,6.3,6.69,6.83,6.91,7.06
1996-05-01,5.15,6.1,6.48,6.66,6.74,6.93
1996-04-01,5.09,5.96,6.3,6.48,6.51,6.79
1996-03-01,5.1,5.66,5.97,6.19,6.27,6.6
1996-02-01,4.96,5.03,5.38,5.64,5.81,6.24
1996-01-01,5.15,5.11,5.36,5.54,5.65,6.05
1995-12-01,5.29,5.32,5.51,5.63,5.71,6.06
1995-11-01,5.52,5.48,5.69,5.83,5.93,6.26
1995-10-01,5.44,5.7,5.86,5.97,6.04,6.37
1995-09-01,5.43,5.81,6.0,6.13,6.2,6.55
1995-08-01,5.57,5.98,6.24,6.41,6.49,6.86
1995-07-01,5.59,5.78,6.01,6.2,6.28,6.72
1995-06-01,5.64,5.72,5.93,6.05,6.17,6.57
1995-05-01,5.85,6.17,6.41,6.5,6.63,6.95
1995-04-01,5.84,6.57,6.86,6.95,7.06,7.36
1995-03-01,5.91,6.78,7.05,7.14,7.2,7.45
1995-02-01,5.94,7.11,7.37,7.44,7.47,7.61
1995-01-01,5.9,7.51,7.76,7.79,7.78,7.85
1994-12-01,5.76,7.59,7.78,7.8,7.81,7.87
1994-11-01,5.45,7.15,7.72,7.83,7.96,8.08
1994-10-01,5.1,6.73,7.4,7.58,7.74,7.94
1994-09-01,4.75,6.39,7.08,7.28,7.46,7.71
1994-08-01,4.61,6.18,6.88,7.06,7.24,7.49
1994-07-01,4.46,6.13,6.91,7.12,7.3,7.58
1994-06-01,4.25,5.93,6.7,6.91,7.1,7.4
1994-05-01,4.27,5.97,6.78,7.01,7.18,7.41
1994-04-01,3.78,5.55,6.52,6.8,6.97,7.27
1994-03-01,3.59,5.0,5.94,6.28,6.48,6.91
1994-02-01,3.33,4.47,5.4,5.72,5.97,6.49
1994-01-01,3.04,4.14,5.09,5.43,5.75,6.29
1993-12-01,3.13,4.21,5.15,5.48,5.77,6.25
1993-11-01,3.18,4.16,5.06,5.45,5.72,6.21
1993-10-01,3.09,3.87,4.71,5.05,5.33,5.94
1993-09-01,3.01,3.85,4.73,5.08,5.36,6.0
1993-08-01,3.09,4.0,5.03,5.35,5.68,6.32
1993-07-01,3.11,4.07,5.09,5.48,5.81,6.63
1993-06-01,3.14,4.16,5.22,5.61,5.96,6.81
1993-05-01,3.03,3.98,5.2,5.66,6.04,6.92
1993-04-01,2.93,3.84,5.13,5.59,5.97,6.85
1993-03-01,3.01,3.95,5.19,5.66,5.98,6.82
1993-02-01,2.99,4.1,5.43,5.87,6.26,7.09
1993-01-01,3.07,4.39,5.83,6.26,6.6,7.34
1992-12-01,3.29,4.67,6.08,6.46,6.77,7.44
1992-11-01,3.21,4.58,6.04,6.49,6.87,7.61
1992-10-01,2.93,4.08,5.6,6.15,6.59,7.53
1992-09-01,2.97,3.89,5.38,5.96,6.42,7.34
1992-08-01,3.2,4.19,5.6,6.12,6.59,7.39
1992-07-01,3.28,4.36,5.84,6.36,6.84,7.6
1992-06-01,3.75,5.05,6.48,6.9,7.26,7.84
1992-05-01,3.72,5.23,6.69,7.06,7.39,7.89
1992-04-01,3.84,5.34,6.78,7.15,7.48,7.96
1992-03-01,4.14,5.69,6.95,7.26,7.54,7.97
1992-02-01,3.95,5.21,6.58,6.96,7.34,7.85
1992-01-01,3.91,4.96,6.24,6.7,7.03,7.58
1991-12-01,4.18,5.03,6.19,6.69,7.09,7.7
1991-11-01,4.69,5.56,6.62,7.06,7.42,7.92
1991-10-01,5.14,5.91,6.87,7.25,7.53,7.93
1991-09-01,5.37,6.18,7.14,7.48,7.65,7.95
1991-08-01,5.5,6.43,7.43,7.74,7.9,8.14
1991-07-01,5.75,6.92,7.91,8.15,8.27,8.45
1991-06-01,5.75,6.96,7.94,8.17,8.28,8.47
1991-05-01,5.63,6.78,7.7,7.94,8.07,8.27
1991-04-01,5.83,6.95,7.7,7.92,8.04,8.21
1991-03-01,6.09,7.1,7.77,8.0,8.11,8.29
1991-02-01,6.12,6.87,7.47,7.73,7.85,8.03
1991-01-01,6.41,7.13,7.7,7.97,8.09,8.27
1990-12-01,6.95,7.31,7.73,8.0,8.08,8.24
1990-11-01,7.29,7.6,8.02,8.28,8.39,8.54
1990-10-01,7.4,7.88,8.33,8.59,8.72,8.86
1990-09-01,7.6,8.08,8.51,8.79,8.89,9.03
1990-08-01,7.69,8.06,8.44,8.64,8.75,8.86
1990-07-01,7.87,8.16,8.33,8.46,8.47,8.5
1990-06-01,7.99,8.35,8.43,8.52,8.48,8.46
1990-05-01,8.01,8.64,8.74,8.78,8.76,8.73
1990-04-01,8.04,8.72,8.77,8.81,8.79,8.76
1990-03-01,8.17,8.63,8.6,8.65,8.59,8.56
1990-02-01,8.0,8.37,8.42,8.48,8.47,8.5
1990-01-01,7.9,8.09,8.12,8.2,8.21,8.26
1989-12-01,7.88,7.78,7.75,7.85,7.84,7.9
1989-11-01,7.94,7.8,7.81,7.86,7.87,7.9
1989-10-01,7.9,7.98,7.97,8.03,8.01,8.0
1989-09-01,8.01,8.28,8.17,8.23,8.19,8.15
1989-08-01,8.17,8.14,8.09,8.11,8.11,8.12
1989-07-01,8.15,7.82,7.83,7.94,8.02,8.08
1989-06-01,8.43,8.41,8.29,8.31,8.28,8.27
1989-05-01,8.74,9.02,8.91,8.88,8.86,8.83
1989-04-01,8.96,9.45,9.3,9.24,9.18,9.03
1989-03-01,9.14,9.68,9.51,9.43,9.36,9.17
1989-02-01,8.84,9.37,9.27,9.23,9.17,9.01
1989-01-01,8.56,9.18,9.15,9.14,9.09,8.93
1988-12-01,8.35,9.09,9.09,9.13,9.11,9.01
1988-11-01,8.03,8.67,8.79,8.89,8.96,9.02
1988-10-01,7.6,8.35,8.51,8.69,8.8,8.89
1988-09-01,7.48,8.46,8.69,8.87,8.98,9.06
1988-08-01,7.3,8.63,8.94,9.13,9.26,9.32
1988-07-01,6.95,8.28,8.66,8.91,9.06,9.14
1988-06-01,6.66,8.03,8.49,8.78,8.92,9.0
1988-05-01,6.45,8.0,8.58,8.89,9.09,9.23
1988-04-01,6.08,7.59,8.19,8.52,8.72,8.95
1988-03-01,5.87,7.27,7.83,8.19,8.37,8.63
1988-02-01,5.84,7.18,7.71,8.02,8.21,8.43
1988-01-01,6.0,7.63,8.18,8.48,8.67,8.83
1987-12-01,5.96,7.86,8.45,8.82,8.99,9.12
1987-11-01,5.89,7.69,8.35,8.69,8.86,8.95
1987-10-01,6.35,8.4,9.08,9.37,9.52,9.61
1987-09-01,6.62,8.34,8.94,9.26,9.42,9.59
1987-08-01,6.23,7.75,8.32,8.59,8.76,8.97
1987-07-01,5.88,7.44,8.01,8.27,8.45,8.64
1987-06-01,5.85,7.57,8.02,8.27,8.4,8.57
1987-05-01,5.85,7.76,8.26,8.47,8.61,8.78
1987-04-01,5.82,7.02,7.57,7.83,8.02,8.25
1987-03-01,5.77,6.42,6.79,7.06,7.25,7.55
1987-02-01,5.75,6.4,6.79,7.06,7.25,7.54
1987-01-01,5.58,6.23,6.64,6.92,7.08,7.39
1986-12-01,5.68,6.27,6.67,6.97,7.11,7.37
1986-11-01,5.5,6.28,6.76,7.08,7.25,7.52
1986-10-01,5.32,6.28,6.83,7.24,7.43,7.7
1986-09-01,5.35,6.35,6.92,7.28,7.45,7.62
1986-08-01,5.69,6.33,6.8,7.01,7.17,7.33
1986-07-01,6.0,6.67,7.06,7.22,7.3,7.27
1986-06-01,6.4,7.18,7.64,7.75,7.8,7.57
1986-05-01,6.33,7.07,7.52,7.65,7.71,7.52
1986-04-01,6.24,6.7,7.05,7.16,7.3,7.39
1986-03-01,6.76,7.21,7.46,7.67,7.78,7.96
1986-02-01,7.29,7.97,8.34,8.58,8.7,8.93
1986-01-01,7.3,8.14,8.68,9.03,9.19,9.4
1985-12-01,7.33,8.15,8.73,9.11,9.26,9.54
1985-11-01,7.48,8.58,9.28,9.62,9.78,10.06
1985-10-01,7.4,8.86,9.69,10.11,10.24,10.5
1985-09-01,7.33,8.98,9.81,10.24,10.37,10.61
1985-08-01,7.37,8.94,9.81,10.2,10.33,10.56
1985-07-01,7.32,8.77,9.7,10.16,10.31,10.5
1985-06-01,7.18,8.69,9.6,10.08,10.16,10.45
1985-05-01,7.73,9.39,10.34,10.72,10.85,11.05
1985-04-01,8.22,10.09,11.01,11.34,11.43,11.47
1985-03-01,8.83,10.71,11.52,11.82,11.86,11.81
1985-02-01,8.56,10.17,11.13,11.44,11.51,11.47
1985-01-01,8.02,9.93,10.93,11.27,11.38,11.45
1984-12-01,8.34,10.18,11.07,11.45,11.5,11.52
1984-11-01,8.92,10.65,11.33,11.49,11.57,11.56
1984-10-01,10.12,11.6,12.06,12.16,12.16,11.98
1984-09-01,10.8,12.2,12.53,12.6,12.52,12.29
1984-08-01,10.9,12.43,12.68,12.75,12.72,12.54
1984-07-01,10.53,12.88,13.27,13.35,13.36,13.21
1984-06-01,10.26,12.91,13.48,13.56,13.56,13.44
1984-05-01,10.22,12.47,13.17,13.34,13.41,13.43
1984-04-01,10.07,11.69,12.37,12.56,12.63,12.65
1984-03-01,9.89,11.31,12.02,12.25,12.32,12.38
1984-02-01,9.46,10.79,11.54,11.75,11.84,11.95
1984-01-01,9.26,10.64,11.37,11.58,11.67,11.75
1983-12-01,9.36,10.84,11.54,11.78,11.83,11.88
1983-11-01,9.11,10.66,11.41,11.61,11.69,11.75
1983-10-01,8.99,10.57,11.28,11.47,11.54,11.58
1983-09-01,9.36,10.79,11.43,11.61,11.65,11.63
1983-08-01,9.74,11.07,11.63,11.77,11.85,11.82
1983-07-01,9.45,10.69,11.21,11.35,11.38,11.4
1983-06-01,9.14,10.18,10.63,10.83,10.85,10.93
1983-05-01,8.5,9.49,10.03,10.3,10.38,10.53
1983-04-01,8.51,9.57,10.02,10.29,10.4,10.48
1983-03-01,8.66,9.66,10.08,10.31,10.51,10.63
1983-02-01,8.39,9.64,10.26,10.56,10.72,10.88
1983-01-01,8.12,9.33,10.03,10.36,10.46,10.63
1982-12-01,8.2,9.66,10.22,10.49,10.54,10.54
1982-11-01,8.35,9.8,10.38,10.53,10.55,10.54
1982-10-01,7.97,10.19,10.8,10.88,10.91,11.17
1982-09-01,8.19,11.78,12.25,12.36,12.34,12.07
1982-08-01,9.0,12.32,13.0,13.14,13.06,12.77
1982-07-01,11.86,13.8,14.07,14.07,13.95,13.55
1982-06-01,13.08,14.47,14.43,14.47,14.3,13.92
1982-05-01,12.71,13.78,13.75,13.74,13.62,13.24
1982-04-01,13.34,14.2,14.0,13.94,13.87,13.37
1982-03-01,13.31,14.19,13.98,13.93,13.86,13.53
1982-02-01,14.28,14.82,14.54,14.46,14.43,14.22
1982-01-01,12.92,14.57,14.65,14.67,14.59,14.22
1981-12-01,11.32,13.29,13.6,13.62,13.72,13.45
1981-11-01,11.35,12.88,13.38,13.42,13.39,13.35
1981-10-01,14.23,15.54,15.41,15.33,15.15,14.68
1981-09-01,15.61,16.46,15.93,15.65,15.32,14.67
